{"cameraMode":{"drawMode":0,"name":"Shaded","section":"Shading Mode"},"sceneLighting":true,"audioPlay":false,"sceneViewState":{"showFog":false,"showMaterialUpdate":false,"showSkybox":false,"showFlares":false,"showImageEffects":false,"showParticleSystems":false},"in2DMode":false,"pivot":{"x":24.063222885131837,"y":13.856058120727539,"z":16.153581619262697},"rotation":{"x":-0.160855233669281,"y":0.8372166752815247,"z":-0.3371264338493347,"w":-0.39947453141212466},"size":8.809123039245606,"orthographic":false}